StartDate,EndDate,Progress,Duration (in seconds),Finished,RecordedDate,Q2.2_1,Q2.2_2,Q2.2_3,Q2.2_4,Q2.2_5,Q2.2_6,Q2.2_7,Q2.2_8,Q2.3_1,Q2.3_4,Q2.3_5,Q2.3_6,Q2.3_7,Q2.3_8,Q2.3_9,Q2.4_1,Q2.4_2,Q2.4_3,Q2.4_4,Q3.2_1,Q3.2_2,Q3.2_3,Q3.2_4,Q3.2_5,Q3.2_6,Q3.2_7,Q3.3_1,Q3.3_2,Q3.3_3,Q3.4_1,Q3.4_2,Q3.4_3,Q3.4_4,Q3.5_1,Q3.5_2,Q3.5_3,Q3.5_4,Q3.5_5,Q3.6_1,Q3.6_2,Q3.6_3,Q3.6_4,Q3.6_5,Q3.7_1,Q3.7_2,Q3.7_3,Q3.7_4,Q3.7_5,Q3.8,Q4.2_1,Q4.2_2,Q4.2_3,Q4.2_4,Q4.3_1,Q4.3_2,Q4.3_3,Q4.4_1,Q4.4_2,Q4.4_3,Q4.4_4,Q4.4_5,Q4.4_6,Q4.4_7,Q4.4_8,Q4.4_9,Q4.4_10,Q4.4_11,Q4.4_12,Q4.4_13,Q4.4_14,Q4.5_1,Q4.5_2,Q4.5_3,Q4.6_1,Q4.6_2,Q4.6_3,Q4.6_4,Q4.6_5,Q4.6_6,Q4.6_7,Q4.6_8,Q4.7,Q5.2_1,Q5.2_2,Q5.2_3,Q5.2_4,Q5.2_5,Q5.2_6,Q5.2_7,Q5.2_8,Q5.2_9,Q5.3,Q5.4,Q5.5
Start Date,End Date,Progress,Duration (in seconds),Finished,Recorded Date,"How important are the following aspects for promoting Augustin College to future students?* - Flexible learning Options (e.g., online, evening, hybrid)",How important are the following aspects for promoting Augustin College to future students?* - Career-focused programs aligned with workforce needs,How important are the following aspects for promoting Augustin College to future students?* - Competitive tuition and robust financial aid support,How important are the following aspects for promoting Augustin College to future students?* - Mission-driven education rooted in purpose and service,How important are the following aspects for promoting Augustin College to future students?* - Personalized support and a student-centered community,How important are the following aspects for promoting Augustin College to future students?* - Accelerated or modular degree completion pathways,How important are the following aspects for promoting Augustin College to future students?* - Strong Veritus Imperial University reputation and alumni network,How important are the following aspects for promoting Augustin College to future students?* - Strong faculty with industry experience,What should Augustin College actively seek to enroll more of in the future? Please rank the following options by dragging the selection up or down in your preferred rank order where number 1 is the most important option to seek more of and 7 is the lowest. - Working professionals seeking to advance in their current field,What should Augustin College actively seek to enroll more of in the future? Please rank the following options by dragging the selection up or down in your preferred rank order where number 1 is the most important option to seek more of and 7 is the lowest. - Adult learners returning to college after time away,What should Augustin College actively seek to enroll more of in the future? Please rank the following options by dragging the selection up or down in your preferred rank order where number 1 is the most important option to seek more of and 7 is the lowest. - Recent high school graduates looking for flexible pathways,What should Augustin College actively seek to enroll more of in the future? Please rank the following options by dragging the selection up or down in your preferred rank order where number 1 is the most important option to seek more of and 7 is the lowest. - Career changers pursuing graduate credentials,What should Augustin College actively seek to enroll more of in the future? Please rank the following options by dragging the selection up or down in your preferred rank order where number 1 is the most important option to seek more of and 7 is the lowest. - First-generation college students,What should Augustin College actively seek to enroll more of in the future? Please rank the following options by dragging the selection up or down in your preferred rank order where number 1 is the most important option to seek more of and 7 is the lowest. - Students from underrepresented or historically marginalized backgrounds,What should Augustin College actively seek to enroll more of in the future? Please rank the following options by dragging the selection up or down in your preferred rank order where number 1 is the most important option to seek more of and 7 is the lowest. - International students,Which do you believe are most important to emphasize in order to positively influence prospective students to apply to Augustin College? Please rank the following factors by dragging the selection up or down in your preferred rank order where number 1 is the most important factor to emphasize and 4 is the lowest thing to emphasize. - Veritus Imperial University's overall academic reputation,Which do you believe are most important to emphasize in order to positively influence prospective students to apply to Augustin College? Please rank the following factors by dragging the selection up or down in your preferred rank order where number 1 is the most important factor to emphasize and 4 is the lowest thing to emphasize. - Augustin College's unique identity and reputation,Which do you believe are most important to emphasize in order to positively influence prospective students to apply to Augustin College? Please rank the following factors by dragging the selection up or down in your preferred rank order where number 1 is the most important factor to emphasize and 4 is the lowest thing to emphasize. - Reputation and credibility of individual programs,Which do you believe are most important to emphasize in order to positively influence prospective students to apply to Augustin College? Please rank the following factors by dragging the selection up or down in your preferred rank order where number 1 is the most important factor to emphasize and 4 is the lowest thing to emphasize. - Academic rigor and challenge of the curriculum,How important are the following aspects to the future learning experience at Augustin College? - Small class sizes and individualized attention,"How important are the following aspects to the future learning experience at Augustin College? - Experiential learning opportunities (e.g., internships, client projects)",How important are the following aspects to the future learning experience at Augustin College? - Courses that develop leadership and communication skills,How important are the following aspects to the future learning experience at Augustin College? - In-person learning opportunities,How important are the following aspects to the future learning experience at Augustin College? - Daytime course offerings,How important are the following aspects to the future learning experience at Augustin College? - Online synchronous learning opportunities (live online classes),"How important are the following aspects to the future learning experience at Augustin College? - Online asynchronous learning opportunities (flexible, self-paced online classes)",How important are the following aspects of mentoring to the academic experience at Augustin College? - Access to a mentor outside of class,How important are the following aspects of mentoring to the academic experience at Augustin College? - Structured mentorship programs,How important are the following aspects of mentoring to the academic experience at Augustin College? - Support for career and professional development,How important are the following opportunities for ensuring academic accessibility and inclusion at Augustin College? - Access for students with disabilities,How important are the following opportunities for ensuring academic accessibility and inclusion at Augustin College? - Faculty trained in universal course design,How important are the following opportunities for ensuring academic accessibility and inclusion at Augustin College? - Clear and simple process for requesting academic accommodations,How important are the following opportunities for ensuring academic accessibility and inclusion at Augustin College? - Ease of access to university technology systems,"How important are the following initiatives for building academic community at Augustin College? - Events that bring students and faculty together (e.g. speaker series, brown bag lunches, etc.)",How important are the following initiatives for building academic community at Augustin College? - Peer mentoring,How important are the following initiatives for building academic community at Augustin College? - Study groups,How important are the following initiatives for building academic community at Augustin College? - Increased opportunities to connect online and in-person students,How important are the following initiatives for building academic community at Augustin College? - On campus housing options,"As Augustin College expands its academic offerings, how important are the following priorities? - Career-focused courses aligned with industry needs (action research project & internships)","As Augustin College expands its academic offerings, how important are the following priorities? - Research-focused courses aligned with industry trends","As Augustin College expands its academic offerings, how important are the following priorities? - Courses in high-demand fields (eg., technology, public health, business ethics)","As Augustin College expands its academic offerings, how important are the following priorities? - Flexibility to take courses across other Veritus Imperial University programs","As Augustin College expands its academic offerings, how important are the following priorities? - Active engagement in the classroom/Zoom class meetings",How important are the following features for ensuring academic excellence at Augustin College? - High academic standards,How important are the following features for ensuring academic excellence at Augustin College? - Strong support systems,"How important are the following features for ensuring academic excellence at Augustin College? - Advanced, challenge-based assignments",How important are the following features for ensuring academic excellence at Augustin College? - Transparent grading,How important are the following features for ensuring academic excellence at Augustin College? - Clear and timely feedback,What is one improvement or innovation you would recommend to strengthen the academic experience at Augustin College?,How important do you believe each of the following initiatives is for enhancing students' non-academic and co-curricular engagement at Augustin College? - More events and opportunities that foster a sense of community,How important do you believe each of the following initiatives is for enhancing students' non-academic and co-curricular engagement at Augustin College? - Additional leadership and volunteer opportunities within Augustin College,How important do you believe each of the following initiatives is for enhancing students' non-academic and co-curricular engagement at Augustin College? - More spaces (common areas for eating or studying) to support personal development beyond coursework,How important do you believe each of the following initiatives is for enhancing students' non-academic and co-curricular engagement at Augustin College? - More community service opportunties,"How important are the following strategies for improving students' access to university-wide services? - Better visibility and accessibility of university services (e.g., Career Center, Library)",How important are the following strategies for improving students' access to university-wide services? - Closer integration of Veritus Imperial University services into the Augustin College student experience,How important are the following strategies for improving students' access to university-wide services? - Stronger collaboration between Augustin College and other Veritus Imperial University departments,How important is a closer integration of Veritus Imperial University services within Augustin College? - Campus Ministry,How important is a closer integration of Veritus Imperial University services within Augustin College? - Career Center,How important is a closer integration of Veritus Imperial University services within Augustin College? - Tutoring and Exam Center,How important is a closer integration of Veritus Imperial University services within Augustin College? - Dining Services,How important is a closer integration of Veritus Imperial University services within Augustin College? - Veritus Imperial University Disability Services,How important is a closer integration of Veritus Imperial University services within Augustin College? - Financial Aid,How important is a closer integration of Veritus Imperial University services within Augustin College? - Information Technology Services,How important is a closer integration of Veritus Imperial University services within Augustin College? - Veritus Imperial University Libraries,How important is a closer integration of Veritus Imperial University services within Augustin College? - Gym and Recreation Center,How important is a closer integration of Veritus Imperial University services within Augustin College? - Military & Veteran Support,How important is a closer integration of Veritus Imperial University services within Augustin College? - Student Wellness Center,How important is a closer integration of Veritus Imperial University services within Augustin College? - Undergrad Student Life Office,How important is a closer integration of Veritus Imperial University services within Augustin College? - Graduate Student Life Office,How important is a closer integration of Veritus Imperial University services within Augustin College? - International Student Office,How important are the following enhancements to Augustin College student services? - Increased outreach from advising,How important are the following enhancements to Augustin College student services? - More streamlined and timely communication from Augustin College offices,How important are the following enhancements to Augustin College student services? - Expanded personalized career guidance tailored to student goals,How important are the following priorities for preparing students for life after Augustin College? - Opportunities for career networking,How important are the following priorities for preparing students for life after Augustin College? - Internal/External Career Mentoring,How important are the following priorities for preparing students for life after Augustin College? - Career advising,How important are the following priorities for preparing students for life after Augustin College? - Opportunities to develop leadership skills,How important are the following priorities for preparing students for life after Augustin College? - Opportunities for personal skill development,How important are the following priorities for preparing students for life after Augustin College? - Enhanced career preparation through internships,How important are the following priorities for preparing students for life after Augustin College? - Networking,How important are the following priorities for preparing students for life after Augustin College? - Clearer alignment between academic programs and professional goals,What is one improvement or new initiative you would recommend to enhance the student experience at Augustin College?,"How important should each of the following ideas be in shaping the future mission of Augustin College? - Upholding values such as service, justice, and reflection",How important should each of the following ideas be in shaping the future mission of Augustin College? - Expanding flexible pathways for adult and nontraditional learners,How important should each of the following ideas be in shaping the future mission of Augustin College? - Preparing students to be ethical leaders in a complex world,"How important should each of the following ideas be in shaping the future mission of Augustin College? - Promoting diversity, inclusion, and equity across the student experience",How important should each of the following ideas be in shaping the future mission of Augustin College? - Focusing on real-world impact and professional advancement,How important should each of the following ideas be in shaping the future mission of Augustin College? - Supporting lifelong learning and career reinvention,How important should each of the following ideas be in shaping the future mission of Augustin College? - Fostering a strong sense of community and personal connection,"How important should each of the following ideas be in shaping the future mission of Augustin College? - Developing student's ability to lead, serve, and transform society",How important should each of the following ideas be in shaping the future mission of Augustin College? - Aligning with the evolving challenges and opportunities of the future workforce,Are there any other ideas or priorities you believe Augustin College should incorporate into its future mission?,"As you look ahead, how can Augustin College better support you in your role as a staff member?","Looking forward, how can Augustin College cultivate a stronger sense of community among the staff?"
"{""ImportId"":""startDate"",""timeZone"":""America/New_York""}","{""ImportId"":""endDate"",""timeZone"":""America/New_York""}","{""ImportId"":""progress""}","{""ImportId"":""duration""}","{""ImportId"":""finished""}","{""ImportId"":""recordedDate"",""timeZone"":""America/New_York""}","{""ImportId"":""QID21_1""}","{""ImportId"":""QID21_2""}","{""ImportId"":""QID21_3""}","{""ImportId"":""QID21_4""}","{""ImportId"":""QID21_5""}","{""ImportId"":""QID21_6""}","{""ImportId"":""QID21_7""}","{""ImportId"":""QID21_8""}","{""ImportId"":""QID45_1""}","{""ImportId"":""QID45_2""}","{""ImportId"":""QID45_3""}","{""ImportId"":""QID45_4""}","{""ImportId"":""QID45_5""}","{""ImportId"":""QID45_6""}","{""ImportId"":""QID45_7""}","{""ImportId"":""QID22_1""}","{""ImportId"":""QID22_2""}","{""ImportId"":""QID22_3""}","{""ImportId"":""QID22_4""}","{""ImportId"":""QID24_1""}","{""ImportId"":""QID24_2""}","{""ImportId"":""QID24_3""}","{""ImportId"":""QID24_4""}","{""ImportId"":""QID24_5""}","{""ImportId"":""QID24_6""}","{""ImportId"":""QID24_7""}","{""ImportId"":""QID25_1""}","{""ImportId"":""QID25_2""}","{""ImportId"":""QID25_3""}","{""ImportId"":""QID26_1""}","{""ImportId"":""QID26_2""}","{""ImportId"":""QID26_3""}","{""ImportId"":""QID26_4""}","{""ImportId"":""QID27_1""}","{""ImportId"":""QID27_2""}","{""ImportId"":""QID27_3""}","{""ImportId"":""QID27_4""}","{""ImportId"":""QID27_5""}","{""ImportId"":""QID28_1""}","{""ImportId"":""QID28_2""}","{""ImportId"":""QID28_3""}","{""ImportId"":""QID28_4""}","{""ImportId"":""QID28_5""}","{""ImportId"":""QID29_1""}","{""ImportId"":""QID29_2""}","{""ImportId"":""QID29_3""}","{""ImportId"":""QID29_4""}","{""ImportId"":""QID29_5""}","{""ImportId"":""QID30_TEXT""}","{""ImportId"":""QID32_1""}","{""ImportId"":""QID32_2""}","{""ImportId"":""QID32_3""}","{""ImportId"":""QID32_4""}","{""ImportId"":""QID33_1""}","{""ImportId"":""QID33_2""}","{""ImportId"":""QID33_3""}","{""ImportId"":""QID34_1""}","{""ImportId"":""QID34_2""}","{""ImportId"":""QID34_3""}","{""ImportId"":""QID34_4""}","{""ImportId"":""QID34_5""}","{""ImportId"":""QID34_6""}","{""ImportId"":""QID34_7""}","{""ImportId"":""QID34_8""}","{""ImportId"":""QID34_9""}","{""ImportId"":""QID34_10""}","{""ImportId"":""QID34_11""}","{""ImportId"":""QID34_12""}","{""ImportId"":""QID34_13""}","{""ImportId"":""QID34_14""}","{""ImportId"":""QID35_1""}","{""ImportId"":""QID35_2""}","{""ImportId"":""QID35_3""}","{""ImportId"":""QID36_1""}","{""ImportId"":""QID36_2""}","{""ImportId"":""QID36_3""}","{""ImportId"":""QID36_4""}","{""ImportId"":""QID36_5""}","{""ImportId"":""QID36_6""}","{""ImportId"":""QID36_7""}","{""ImportId"":""QID36_8""}","{""ImportId"":""QID37_TEXT""}","{""ImportId"":""QID39_1""}","{""ImportId"":""QID39_2""}","{""ImportId"":""QID39_3""}","{""ImportId"":""QID39_4""}","{""ImportId"":""QID39_5""}","{""ImportId"":""QID39_6""}","{""ImportId"":""QID39_7""}","{""ImportId"":""QID39_8""}","{""ImportId"":""QID39_9""}","{""ImportId"":""QID40_TEXT""}","{""ImportId"":""QID46_TEXT""}","{""ImportId"":""QID47_TEXT""}"
5/15/2025 16:41,5/15/2025 16:42,100,33,TRUE,5/15/2025 16:42,,,,,,,,,,,,,,,,,,,,,,,,,,,,,,,,,,,,,,,,,,,,,,,,,,,,,,,,,,,,,,,,,,,,,,,,,,,,,,,,,,,,,,,,,,,,,,
5/16/2025 12:06,5/16/2025 12:54,100,2896,TRUE,5/16/2025 12:54,Extremely important,Extremely important,Extremely important,Moderately Important,Very important,Moderately Important,Very important,Moderately Important,4,2,1,3,6,5,7,1,4,2,3,Very important,Very important,Moderately important,Slightly important,Slightly important,Very important,Extremely important,Moderately important,Moderately important,Very important,Very important,Extremely important,Extremely important,Extremely important,Slightly important,Extremely important,Moderately important,Moderately important,Moderately important,Extremely important,Extremely important,Extremely important,Moderately important,Very important,Extremely important,Extremely important,Extremely important,Extremely important,Extremely important,Course offerings should be unique from other courses within the same program. They should also help support the student in developing skills that are highly sought after by industry professionals.,Slightly important,Moderately important,Slightly important,Moderately important,Very important,Very important,Extremely important,Slightly important,Extremely important,Very important,Slightly important,Extremely important,Extremely important,Extremely important,Extremely important,Moderately important,Extremely important,Extremely important,Moderately important,Moderately important,Extremely important,Extremely important,Extremely important,Extremely important,Extremely important,Extremely important,Extremely important,Very important,Very important,Extremely important,Very important,Extremely important,,Moderately important,Extremely important,Moderately important,Extremely important,Extremely important,Moderately important,Very important,Moderately important,Extremely important,,,
5/16/2025 12:52,5/16/2025 13:01,100,538,TRUE,5/16/2025 13:01,Extremely important,Extremely important,Extremely important,Very important,Extremely important,Extremely important,Extremely important,Extremely important,1,3,6,2,5,4,7,4,1,3,2,Extremely important,Extremely important,Extremely important,Slightly important,Not Important,Slightly important,Extremely important,Extremely important,Extremely important,Extremely important,Extremely important,Extremely important,Extremely important,Extremely important,Slightly important,Extremely important,Very important,Very important,Not at all important,Extremely important,Very important,Extremely important,Very important,Extremely important,Extremely important,Extremely important,Extremely important,Extremely important,Extremely important,,Slightly important,Extremely important,Not at all important,Slightly important,Extremely important,Extremely important,Extremely important,Slightly important,Extremely important,Extremely important,Slightly important,Extremely important,Extremely important,Extremely important,Extremely important,Slightly important,Extremely important,Very important,Extremely important,Extremely important,Extremely important,Extremely important,Extremely important,Extremely important,Extremely important,Extremely important,Extremely important,Extremely important,Extremely important,Extremely important,Extremely important,Extremely important,,Moderately important,Extremely important,Extremely important,Extremely important,Extremely important,Extremely important,Very important,Extremely important,Extremely important,,"Increase emphasis on policy and procedure intergradation to increase standardization around programs, staff, faculty, and students. ",Streamline communication with all staff members regarding new programs and changes around the college. 
5/16/2025 12:35,5/16/2025 13:08,100,2001,TRUE,5/16/2025 13:08,Extremely important,Extremely important,Extremely important,Extremely important,Extremely important,Moderately Important,Extremely important,Extremely important,1,3,4,2,5,6,7,1,3,4,2,Extremely important,Extremely important,Extremely important,Moderately important,Moderately important,Moderately important,Moderately important,Extremely important,Extremely important,Extremely important,Extremely important,Extremely important,Extremely important,Extremely important,Extremely important,Extremely important,Moderately important,Moderately important,Moderately important,Extremely important,Moderately important,Extremely important,Very important,Very important,Extremely important,Extremely important,Moderately important,Extremely important,Extremely important,"Mentoring - peer, faculty and/or industry mentoring program",Very important,Very important,Very important,Very important,Extremely important,Extremely important,Extremely important,Very important,Extremely important,Very important,Very important,Very important,Very important,Very important,Very important,Moderately important,Very important,Very important,Very important,Very important,Very important,Moderately important,Moderately important,Very important,Extremely important,Extremely important,Extremely important,Very important,Very important,Very important,Extremely important,Very important,Enhance integration of Veritus Imperial University career center and mentoring program within Augustin College ,Extremely important,Very important,Extremely important,Extremely important,Extremely important,Very important,Extremely important,Extremely important,Very important,"More hands-on opportunities for community engagement, service, and leadership.","Please continue the good transparency, communication, and appreciation I've experienced over the past year.  ","I think we should continue doing the kinds of college-wide community building we've done this past year. For example, the retreat was energizing and the upcoming cruise is exciting. The time together need not be expensive or extensive ~ the point is to continue coming together so we know one another better and, ultimately, feel a sense of shared purpose in working together."
5/16/2025 14:47,5/16/2025 14:56,52,545,FALSE,5/16/2025 18:56,Extremely important,Extremely important,Extremely important,Extremely important,Extremely important,Very important,Extremely important,Very important,1,2,7,3,5,6,4,1,4,2,3,Very important,Extremely important,Very important,Extremely important,Very important,Very important,Very important,Moderately important,Very important,Very important,Very important,Moderately important,Moderately important,Very important,Very important,Very important,Moderately important,Extremely important,Moderately important,Very important,Very important,Extremely important,Extremely important,Extremely important,Extremely important,Very important,Very important,Very important,Very important,More faculty/student interaction outside of class.,,,,,,,,,,,,,,,,,,,,,,,,,,,,,,,,,,,,,,,,,,,,,
5/16/2025 21:42,5/16/2025 21:57,100,883,TRUE,5/16/2025 21:57,Extremely important,Very important,Extremely important,Very important,Extremely important,Extremely important,Extremely important,Extremely important,2,1,3,5,6,4,7,3,1,4,2,Extremely important,Moderately important,Extremely important,Extremely important,Slightly important,Slightly important,Extremely important,Very important,Moderately important,Very important,Extremely important,Extremely important,Extremely important,Extremely important,Extremely important,Extremely important,Extremely important,Extremely important,Slightly important,Very important,Very important,Extremely important,Very important,Very important,Extremely important,Extremely important,Extremely important,Extremely important,Extremely important,Focus on unique aspects of Augustin College,Extremely important,Extremely important,Extremely important,Extremely important,Extremely important,Extremely important,Extremely important,Extremely important,Extremely important,Extremely important,Extremely important,Extremely important,Extremely important,Extremely important,Extremely important,Moderately important,Extremely important,Extremely important,Moderately important,Moderately important,Extremely important,Extremely important,Extremely important,Very important,Extremely important,Moderately important,Moderately important,Extremely important,Moderately important,Moderately important,Extremely important,Extremely important,Close connection with CFLC and Career Center,Extremely important,Extremely important,Extremely important,Extremely important,Extremely important,Extremely important,Extremely important,Extremely important,Extremely important,Access to mental health services,Training/Seminars,Work-pace Retreats
5/20/2025 8:47,5/20/2025 8:52,100,308,TRUE,5/20/2025 8:52,,,,,,,,,,,,,,,,,,,,,,,,,,,,,,,,,,,,,,,,,,,,,,,,,,,,,,,,,,,,,,,,,,,,,,,,,,,,,,,,,,,,,,,,,,,,,,
5/20/2025 9:37,5/20/2025 10:27,100,3030,TRUE,5/20/2025 10:27,Extremely important,Extremely important,Extremely important,Moderately Important,Very important,Moderately Important,Moderately Important,Very important,1,2,3,7,6,5,4,4,1,2,3,Very important,Extremely important,Extremely important,Moderately important,Moderately important,Very important,Very important,Very important,Moderately important,Very important,Very important,Extremely important,Extremely important,Very important,Very important,Moderately important,Very important,Very important,Slightly important,Extremely important,Very important,Extremely important,Moderately important,Moderately important,Very important,Extremely important,Very important,Extremely important,Extremely important,In developing new courses and programs I think we should continue to focus on quality before quantity. We should develop programs that both meet industry needs but that are also consistent with our mission and identity. ,Very important,Extremely important,Moderately important,Moderately important,Extremely important,Extremely important,Extremely important,Moderately important,Extremely important,Extremely important,Slightly important,Very important,Extremely important,Extremely important,Very important,Slightly important,Moderately important,Very important,Very important,Very important,Very important,Extremely important,Extremely important,Extremely important,Extremely important,Very important,Extremely important,Very important,Very important,Very important,Very important,Very important,It would be great to see more programming opportunities that allow Augustin College students to easily connect and network with each other.  ,Very important,Extremely important,Extremely important,Very important,Very important,Moderately important,Very important,Extremely important,Very important,"A key piece of supporting our students also involves supporting our faculty. Since many of our faculty are industry professionals, I think it's important that we focus on training and development opportunities for them. Effective classroom experiences will have a direct impact on our student outcomes.",As Augustin College grows I think it's important that we continue to develop and refine our organizational structure and processes. A strong and balanced organizational structure will both support operational efficiency and help ensure that everyone is working toward shared goals with clarity.  ,"I think a lot of strides have already been made in this area, especially with the introduction of staff outings/recognition events. It would be great to see more opportunities for cross-functional collaboration. "
5/20/2025 8:46,5/20/2025 8:46,4,4,FALSE,5/20/2025 12:46,,,,,,,,,,,,,,,,,,,,,,,,,,,,,,,,,,,,,,,,,,,,,,,,,,,,,,,,,,,,,,,,,,,,,,,,,,,,,,,,,,,,,,,,,,,,,,
5/22/2025 16:44,5/22/2025 16:57,100,746,TRUE,5/22/2025 16:57,Extremely important,Extremely important,Extremely important,Extremely important,Extremely important,Extremely important,Extremely important,Very important,1,3,2,4,5,7,6,2,1,3,4,Extremely important,Moderately important,Very important,Moderately important,Slightly important,Slightly important,Extremely important,Very important,Very important,Extremely important,Extremely important,Moderately important,Very important,Very important,Very important,Very important,Moderately important,Very important,Slightly important,Extremely important,Very important,Very important,Very important,Moderately important,Very important,Very important,Very important,Very important,Very important,Increased career counseling and internship opportunities. ,Very important,Very important,Very important,Moderately important,Extremely important,Extremely important,Extremely important,Very important,Moderately important,Very important,Very important,Very important,Extremely important,Extremely important,Very important,Moderately important,Extremely important,Extremely important,Very important,Very important,Very important,Very important,Very important,Extremely important,Extremely important,Extremely important,Extremely important,Very important,Extremely important,Extremely important,Extremely important,Extremely important,More opportunities for students to see St. Maryâ€™s Hall as their place on campus. ,Moderately important,Extremely important,Extremely important,Extremely important,Extremely important,Extremely important,Extremely important,Very important,Very important,"As the world grows more complicated, develop a plan to show Augustin College is a destination for all. ",Opportunities to work with other schools across campus. ,Cross department work experiences. 
5/22/2025 21:56,5/22/2025 21:59,100,173,TRUE,5/22/2025 21:59,Very important,Very important,Very important,Very important,Very important,Very important,Very important,Very important,1,2,4,5,6,7,3,1,2,4,3,Extremely important,Extremely important,Extremely important,Very important,Very important,Extremely important,Extremely important,Extremely important,Very important,Extremely important,Very important,Very important,Very important,Very important,Very important,Very important,Very important,Very important,Very important,Extremely important,Very important,Extremely important,Extremely important,Extremely important,Extremely important,Extremely important,Extremely important,Extremely important,Extremely important,,Very important,Extremely important,Very important,Extremely important,Extremely important,Extremely important,Very important,Slightly important,Extremely important,Moderately important,Slightly important,Slightly important,Extremely important,Very important,Extremely important,Very important,Slightly important,Very important,Slightly important,Very important,Extremely important,Very important,Extremely important,Very important,Very important,Extremely important,Extremely important,Extremely important,Very important,Extremely important,Extremely important,Extremely important,,Extremely important,Extremely important,Very important,Extremely important,Extremely important,Very important,Extremely important,Very important,Extremely important,,,
5/23/2025 8:42,5/23/2025 8:59,100,1042,TRUE,5/23/2025 8:59,Very important,Very important,Very important,Very important,Very important,Very important,Very important,Very important,6,1,2,7,4,3,5,,,,,Very important,Moderately important,Very important,Very important,Moderately important,Very important,Very important,Moderately important,Very important,Very important,Very important,Very important,Very important,Very important,Moderately important,Moderately important,Moderately important,Very important,Moderately important,Moderately important,Very important,Very important,Very important,Very important,Moderately important,Very important,Very important,Very important,Very important,,Moderately important,Moderately important,Slightly important,Moderately important,Very important,Very important,Very important,Moderately important,Very important,Extremely important,Moderately important,Extremely important,Extremely important,Extremely important,Very important,Moderately important,Extremely important,Extremely important,Very important,Very important,Very important,Very important,Very important,Very important,Very important,Very important,Very important,Very important,Very important,Very important,Very important,Very important,Clear alignment with the Learning Center for all of Augustin College programs including Veritus Imperial UniversityE,Moderately important,Very important,Very important,Extremely important,Very important,Very important,Moderately important,Moderately important,Very important,Clear operational procedures so that programming role out is done efficiently and not last minute,So far Augustin College has been very supportive.,I think it would be good to highlight different aspects of Augustin College during the staff meetings. Maybe have different program directors give a short presentation about what they do and how it fits into Augustin College.
5/23/2025 9:26,5/23/2025 9:37,100,651,TRUE,5/23/2025 9:37,Extremely important,Extremely important,Extremely important,Extremely important,Extremely important,Moderately Important,Extremely important,Extremely important,,,,,,,,,,,,Very important,Very important,Very important,Very important,Moderately important,Extremely important,Extremely important,Extremely important,Very important,Very important,Extremely important,Very important,Very important,Very important,Very important,Very important,Very important,Very important,Very important,Extremely important,Extremely important,Extremely important,Very important,Very important,Extremely important,Extremely important,Extremely important,Extremely important,Extremely important,,Very important,Very important,Very important,Very important,Very important,Very important,Very important,Moderately important,Very important,Very important,Very important,Very important,Very important,Very important,Very important,Very important,Very important,Very important,Very important,Very important,Very important,Very important,Very important,Very important,Extremely important,Very important,Extremely important,Very important,Very important,Very important,Very important,Very important,,Very important,Very important,Very important,Very important,Very important,Very important,Very important,Very important,Very important,Making stronger connections to Veritus Imperial University's traditional program.,Providing training and collaboration with other departments at Veritus Imperial University.,Doing team building events
5/23/2025 13:06,5/23/2025 13:10,100,212,TRUE,5/23/2025 13:10,Extremely important,Extremely important,Extremely important,Extremely important,Extremely important,Very important,Very important,Very important,3,2,4,6,5,1,7,3,1,2,4,Extremely important,Very important,Moderately important,Very important,Slightly important,Extremely important,Moderately important,Very important,Slightly important,Extremely important,Very important,Extremely important,Very important,Extremely important,Extremely important,Moderately important,Moderately important,Extremely important,Slightly important,Extremely important,Very important,Extremely important,Slightly important,Very important,Extremely important,Extremely important,Very important,Very important,Extremely important,,Extremely important,Very important,Very important,Very important,Very important,Extremely important,Extremely important,,,,,,,,,,,,,,,Extremely important,Very important,Very important,Extremely important,Moderately important,Very important,Very important,Very important,Very important,Very important,Extremely important,,Extremely important,Extremely important,Extremely important,Extremely important,Extremely important,Extremely important,Extremely important,Extremely important,Very important,,,
5/26/2025 11:54,5/26/2025 13:03,100,4119,TRUE,5/26/2025 13:03,Very important,Very important,Very important,Very important,Very important,Moderately Important,Very important,Very important,1,2,3,4,5,6,7,1,2,3,4,Very important,Very important,Very important,Moderately important,Moderately important,Moderately important,Very important,Very important,Very important,Very important,Very important,Very important,Very important,Very important,Moderately important,Moderately important,Slightly important,Moderately important,Very important,Very important,Slightly important,Very important,Very important,Very important,Very important,Very important,Slightly important,Very important,Very important,soliciting and putting into action staff input within reason,Very important,Very important,Very important,Very important,Very important,Very important,Very important,Moderately important,Very important,Very important,Moderately important,Very important,Very important,Very important,Very important,Moderately important,Very important,Very important,Moderately important,Moderately important,Very important,Very important,Very important,Very important,Very important,Very important,Very important,Very important,Very important,Very important,Very important,Very important,option to receive credit for internships,Very important,Moderately important,Very important,Very important,Very important,Very important,Moderately important,Very important,Very important,,acquiring better technology to perform daily duties and improve student experience,
5/27/2025 16:33,5/27/2025 17:28,100,3262,TRUE,5/27/2025 17:28,Very important,Very important,Extremely important,Moderately Important,Extremely important,Very important,Moderately Important,Very important,6,1,5,7,2,3,4,1,4,2,3,Moderately important,Moderately important,Moderately important,Very important,Extremely important,Extremely important,Extremely important,Extremely important,Extremely important,Moderately important,Very important,Moderately important,Moderately important,Moderately important,Moderately important,Slightly important,Slightly important,Moderately important,Extremely important,Moderately important,Moderately important,Slightly important,Very important,Slightly important,Very important,Very important,Moderately important,Extremely important,Extremely important,More flexibility in terms of course modality. ,Very important,Very important,Moderately important,Moderately important,Very important,Extremely important,Extremely important,Moderately important,Very important,Very important,Slightly important,Moderately important,Extremely important,Extremely important,Very important,Very important,Very important,Moderately important,Moderately important,Moderately important,Extremely important,Extremely important,Extremely important,Extremely important,Very important,Moderately important,Moderately important,Very important,Moderately important,Extremely important,Very important,Very important,,Very important,Extremely important,Very important,Extremely important,Very important,Moderately important,Extremely important,Extremely important,Very important,,More opportunities for professional advancement ,Building stronger bridges between departments 
5/28/2025 9:43,5/28/2025 11:52,100,7729,TRUE,5/28/2025 11:52,Extremely important,Extremely important,Extremely important,Extremely important,Extremely important,Extremely important,Extremely important,Extremely important,1,3,2,4,5,6,7,2,1,3,4,Very important,Extremely important,Extremely important,Very important,Moderately important,Very important,Moderately important,Extremely important,Extremely important,Extremely important,Very important,Very important,Very important,Very important,Extremely important,Extremely important,Very important,Extremely important,Slightly important,Extremely important,Extremely important,Extremely important,Extremely important,Extremely important,Extremely important,Extremely important,Extremely important,Extremely important,Extremely important,"Make mandatory engaged learning for all courses. Group work, engaged learning is how students learn and what keeps them engaged. ",Extremely important,Extremely important,Extremely important,Extremely important,Extremely important,Extremely important,Extremely important,Very important,Extremely important,Very important,Very important,Extremely important,Extremely important,Extremely important,Extremely important,Extremely important,Extremely important,Extremely important,Very important,Very important,Very important,Extremely important,Extremely important,Extremely important,Extremely important,Extremely important,Extremely important,Very important,Very important,Extremely important,Extremely important,Extremely important,Provide internship opportunities to all Augustin College programs and have them be credit bearing. ,Extremely important,Very important,Very important,Very important,Extremely important,Extremely important,Extremely important,Very important,Very important,Not at this time.,"Provide an update each year on the Augustin College Mission. I was provided an orientation about Veritus Imperial University but if it weren't for the retreat, the mission and history of Augustin College would not have been shared. Can we hang up signs with our Mission, can we remind each other each year or every few years?","More events supporting staff and sharing best practices. Nothing too formal, but celebrating accomplishments and sharing out."
5/28/2025 11:03,5/28/2025 11:03,4,32,FALSE,5/28/2025 15:03,,,,,,,,,,,,,,,,,,,,,,,,,,,,,,,,,,,,,,,,,,,,,,,,,,,,,,,,,,,,,,,,,,,,,,,,,,,,,,,,,,,,,,,,,,,,,,
5/29/2025 14:07,5/29/2025 14:07,4,5,FALSE,5/29/2025 18:07,,,,,,,,,,,,,,,,,,,,,,,,,,,,,,,,,,,,,,,,,,,,,,,,,,,,,,,,,,,,,,,,,,,,,,,,,,,,,,,,,,,,,,,,,,,,,,
5/29/2025 18:50,5/29/2025 18:57,100,438,TRUE,5/29/2025 18:57,Very important,Extremely important,Very important,Extremely important,Extremely important,Moderately Important,Extremely important,Extremely important,1,2,3,4,5,6,7,1,2,3,4,Very important,Extremely important,Extremely important,Very important,Moderately important,Very important,Extremely important,Extremely important,Very important,Extremely important,Very important,Very important,Very important,Very important,Very important,Slightly important,Slightly important,Moderately important,Extremely important,Extremely important,Very important,Extremely important,Moderately important,Very important,Extremely important,Extremely important,Extremely important,Extremely important,Very important,Full time faculty ,Very important,Very important,Slightly important,Moderately important,Moderately important,Extremely important,Extremely important,Very important,Moderately important,Moderately important,Not at all important,Moderately important,Extremely important,Moderately important,Very important,Moderately important,Extremely important,Very important,Extremely important,Extremely important,Extremely important,Very important,Very important,Very important,,Extremely important,Extremely important,Extremely important,Extremely important,Extremely important,Extremely important,Very important,Biggest budgets for the program directors to use to host networking events ,Extremely important,Very important,Extremely important,Extremely important,Extremely important,Very important,Extremely important,Extremely important,Extremely important,,,
